Product,Quantity
Fone de ouvido Sem Fio QCY T27,287
Fone de Ouvido Profissional AKG K92,284
Smart TV 32” Philco LED Roku TV,268
Projetor EPSON Powerlite Wide Screen,265
Carregador Turbo Tipo-C 50w,258
ACER Notebook Gamer Nitro,253
Película de Vidro 3D Galaxy A30s,246
Samsung Galaxy A36,243
"Fone de Ouvido Sem Fio TWS, PHILIPS",239
"Monitor UHD Samsung 32""",236
"Projetor Smart Epson EpiqVision, FULL HD",235
"Soundbar Tomate MTS-2017, Bivolt",231
Carregador Turbo USB-C 30W,230
Teclado Mecanico Fizz,230
"Smart TV LED 32""Samsung LED Tizen TV",229
Mouse Redragon Wireless,226
Samsung Galaxy Tab S6 Lite,222
Película para iPhone 14Pro Anti impacto,221
Fone de Ouvido Profissional EDIFIER WH950NB,206
SSD Crucial 1TB NVMe M.2,206
"Soundbar Samsung com 2.1 canais, Dolby Digital",192
